event_id,event_date,ticker,firm_name,direction,doc_type,alpha,beta,CAR,n_est,AR_day_-5,AR_day_-4,AR_day_-3,AR_day_-2,AR_day_-1,AR_day_+0,AR_day_+1,AR_day_+2,AR_day_+3,AR_day_+4,AR_day_+5
L1_noticeofaction_20180620,2018-06-20,TSM,TSMC,tightening,noticeofaction,-0.000399,1.1064,-0.022399,101,0.001028,-0.013859,0.003856,-0.008621,-0.013188,0.019538,-0.011615,0.01163,0.008379,-0.003409,-0.016137
L1_noticeofaction_20180620,2018-06-20,AAPL,Apple,tightening,noticeofaction,0.000885,1.0659,-0.01875,101,-0.004812,-0.002995,-0.010074,0.000851,-0.012757,0.001652,0.000302,-0.005782,-0.001128,0.009171,0.006821
L1_noticeofaction_20180620,2018-06-20,NVDA,NVIDIA,tightening,noticeofaction,0.002152,1.8128,-0.071847,101,0.004461,0.010554,-0.00649,0.001061,-0.013418,0.002969,-0.010473,-0.029487,-0.024413,0.005853,-0.012464
L1_noticeofaction_20180620,2018-06-20,AMD,AMD,tightening,noticeofaction,0.001879,1.453,-0.02657,101,0.033624,-0.00976,0.005137,0.048334,-0.02058,-0.014553,-0.045322,0.005,-0.025608,0.020728,-0.02357
L1_noticeofaction_20180620,2018-06-20,005930.KS,Samsung,tightening,noticeofaction,0.000336,0.2791,-0.023696,101,0.000788,-0.025318,-0.011463,-0.021779,0.009371,-0.000814,0.002499,0.003395,-0.009203,0.006551,0.022279
L1_noticeofaction_20180620,2018-06-20,GOOG,Google,tightening,noticeofaction,1.5e-05,1.4346,0.014503,101,0.001785,0.011711,0.001566,0.021434,0.001155,-0.000947,-0.001323,-0.004569,-0.006869,-0.008823,-0.000618
L2_noticeofaction_20180816,2018-08-16,TSM,TSMC,tightening,noticeofaction,-0.000773,1.1207,-0.022041,101,-0.000709,-0.010614,-0.002536,-0.001474,-0.001952,-0.009091,-0.009879,-0.002696,0.018156,0.001464,-0.002711
L2_noticeofaction_20180816,2018-08-16,AAPL,Apple,tightening,noticeofaction,0.000482,1.0589,0.037739,101,0.008909,0.004071,0.010216,-0.003034,0.009903,0.005782,0.015969,-0.012797,-0.004622,-1.4e-05,0.003355
L2_noticeofaction_20180816,2018-08-16,NVDA,NVIDIA,tightening,noticeofaction,-4.5e-05,1.9353,0.0355,101,-0.004749,0.007301,0.013018,0.008413,0.005769,-0.021611,-0.055407,0.007682,0.018153,0.038318,0.018614
L2_noticeofaction_20180816,2018-08-16,AMD,AMD,tightening,noticeofaction,0.002943,1.7258,0.101738,101,-0.02497,0.00724,0.039123,0.000729,-0.005807,-0.035392,0.014084,0.003489,0.014508,0.022254,0.066483
L2_noticeofaction_20180816,2018-08-16,005930.KS,Samsung,tightening,noticeofaction,0.000195,0.1664,-0.013602,101,0.002182,-0.030994,-0.007238,0.000961,0.00107,-0.021446,-0.004138,-0.006268,0.021125,0.028889,0.002256
L2_noticeofaction_20180816,2018-08-16,GOOG,Google,tightening,noticeofaction,0.000288,1.5128,-0.035416,101,0.004695,0.001275,0.003671,-0.004212,-0.011104,-0.018765,-0.009899,0.00171,-0.008509,0.005066,0.000656
L3_noticeofaction_20180921,2018-09-21,TSM,TSMC,tightening,noticeofaction,-0.000842,1.0427,0.023228,101,0.02312,-0.007987,-0.009327,0.010095,-0.003926,-0.001264,0.023346,-0.013836,0.006535,0.009029,-0.012556
L3_noticeofaction_20180921,2018-09-21,AAPL,Apple,tightening,noticeofaction,0.001577,1.0295,-0.022977,101,-0.013212,-0.022469,-0.005452,-0.002272,-0.002047,-0.011969,0.016423,0.006107,-0.006157,0.01613,0.001942
L3_noticeofaction_20180921,2018-09-21,NVDA,NVIDIA,tightening,noticeofaction,0.000751,1.8997,0.022159,101,0.017484,0.000786,-0.021574,0.00041,-0.036603,-0.010679,0.014468,0.011928,-5.4e-05,-0.004202,0.050197
L3_noticeofaction_20180921,2018-09-21,AMD,AMD,tightening,noticeofaction,0.007514,2.1165,-0.07075,101,0.065394,-0.004588,-0.034295,-0.032716,-0.025069,-0.011865,0.051185,-0.005978,-0.012219,-0.000936,-0.059662
L3_noticeofaction_20180921,2018-09-21,005930.KS,Samsung,tightening,noticeofaction,-0.00036,0.0094,0.06612,101,0.041221,-0.014855,0.008062,0.014634,0.024123,0.003539,0.000393,0.000373,0.000391,0.009984,-0.021745
L3_noticeofaction_20180921,2018-09-21,GOOG,Google,tightening,noticeofaction,0.000587,1.5474,0.00406,101,-0.003396,-0.006024,-0.004423,0.005973,0.000755,-0.017525,0.011096,0.011046,0.000991,0.007123,-0.001556
L1_exclusions_20181228,2018-12-28,TSM,TSMC,relief,exclusions,0.0005,1.19,-0.053939,101,0.008608,0.019262,0.020002,-0.01786,-0.010145,0.010765,-0.016798,-0.012575,-0.030186,-0.023605,-0.001407
L1_exclusions_20181228,2018-12-28,AAPL,Apple,relief,exclusions,-6.4e-05,1.4848,-0.102588,101,-0.001753,-0.008262,0.014447,-0.003154,-0.01914,0.002419,-0.002882,-0.000678,-0.062785,-0.00823,-0.012572
L1_exclusions_20181228,2018-12-28,NVDA,NVIDIA,relief,exclusions,-0.003572,2.3245,0.036133,101,0.015614,0.010495,0.047375,-0.064335,-0.030832,0.025364,-0.017291,0.020997,0.000701,-0.012173,0.040217
L1_exclusions_20181228,2018-12-28,AMD,AMD,relief,exclusions,0.003979,1.6431,0.06823,101,0.009822,-0.02645,0.02403,-0.010389,-0.040953,0.016929,0.017982,0.013981,-0.057832,0.053975,0.067134
L1_exclusions_20181228,2018-12-28,005930.KS,Samsung,relief,exclusions,-0.000433,0.1839,0.002686,101,-0.008176,0.004218,0.009299,-0.020283,0.005544,0.012426,-0.001128,0.001492,-0.024693,-0.009869,0.033857
L1_exclusions_20181228,2018-12-28,GOOG,Google,relief,exclusions,-0.000299,1.4865,0.021721,101,0.010451,0.001313,0.037213,-0.008642,-0.008177,-0.004369,-0.013742,0.008302,0.008617,0.003045,-0.012288
L1_exclusions_20190325,2019-03-25,TSM,TSMC,relief,exclusions,-0.00049,1.0433,0.031956,101,0.001667,-0.001633,0.005825,0.01903,0.005421,-0.01125,0.00502,0.000385,0.000228,0.008833,-0.001569
L1_exclusions_20190325,2019-03-25,AAPL,Apple,relief,exclusions,-0.001887,1.5497,0.024152,101,0.006352,-0.005835,0.015188,0.021899,0.010583,-0.008904,-0.019576,0.018078,-0.00235,-0.002032,-0.00925
L1_exclusions_20190325,2019-03-25,NVDA,NVIDIA,relief,exclusions,-0.004076,2.1242,0.084981,101,-0.00886,0.044365,0.002875,0.035725,0.009371,-0.015099,0.0066,0.01185,0.000701,0.002803,-0.00535
L1_exclusions_20190325,2019-03-25,AMD,AMD,relief,exclusions,0.000827,2.3483,0.089838,101,-0.011248,0.117759,-0.005451,0.058902,-0.010769,-0.014026,-0.028476,-0.021062,-0.002427,0.001714,0.004921
L1_exclusions_20190325,2019-03-25,005930.KS,Samsung,relief,exclusions,0.00066,0.2248,0.017346,101,-0.012805,0.003946,0.003419,0.037763,0.018873,-0.023028,-0.007769,0.002594,-0.004712,-0.006633,0.005698
L1_exclusions_20190325,2019-03-25,GOOG,Google,relief,exclusions,-0.000111,1.3205,-0.010817,101,-0.004952,0.012603,0.024953,-0.008035,0.004023,-0.00915,-0.016398,-0.003548,-0.008491,-0.004657,0.002835
L1_exclusions_20190418,2019-04-18,TSM,TSMC,relief,exclusions,0.000522,0.9808,0.031122,101,-0.006931,0.004398,0.0008,0.008366,0.033794,0.020683,-0.000522,-0.007021,-0.003213,0.001408,-0.02064
L1_exclusions_20190418,2019-04-18,AAPL,Apple,relief,exclusions,-0.001878,1.682,0.021921,101,-0.006511,-0.009642,0.004747,0.001121,0.025175,0.002815,0.001878,0.003462,0.00143,0.004022,-0.006577
L1_exclusions_20190418,2019-04-18,NVDA,NVIDIA,relief,exclusions,-0.000927,2.0672,-0.043295,101,-0.002067,-0.020724,-0.025718,0.018878,0.000739,-0.007624,0.000927,0.010483,-0.005677,0.00808,-0.020594
L1_exclusions_20190418,2019-04-18,AMD,AMD,relief,exclusions,0.003913,2.601,-0.081998,101,-0.005449,-0.018945,-0.020947,0.016716,-0.013753,-0.001108,-0.003913,0.011518,-0.034361,0.019307,-0.031063
L1_exclusions_20190418,2019-04-18,005930.KS,Samsung,relief,exclusions,0.001031,0.243,-0.058696,101,-0.010676,0.010336,0.003391,0.003096,-0.004711,-0.032233,-0.00761,-0.000173,-0.006487,-0.010454,-0.003176
L1_exclusions_20190418,2019-04-18,GOOG,Google,relief,exclusions,0.00098,1.2469,0.02286,101,0.001019,0.001779,0.002457,0.003323,0.009361,-0.002924,-0.00098,0.007844,0.000576,-0.005008,0.005412
L3_modification_20190509,2019-05-09,TSM,TSMC,mixed,modification,0.00092,0.9508,-0.047088,101,0.014335,-0.003102,-0.017918,0.014779,-0.000765,-0.008345,-0.014169,-0.020937,0.015367,-0.006472,-0.019862
L3_modification_20190509,2019-05-09,AAPL,Apple,mixed,modification,-0.000258,1.5775,-0.067889,101,-0.002899,-0.002515,-0.008131,-0.000651,0.002988,-0.00572,-0.019464,-0.019795,0.003443,0.003026,-0.018174
L3_modification_20190509,2019-05-09,NVDA,NVIDIA,mixed,modification,0.00186,1.8902,-0.106275,101,0.017227,-0.021061,-0.010675,-0.008124,0.005853,-0.017595,-0.016942,-0.017674,0.005645,-0.028078,-0.014852
L3_modification_20190509,2019-05-09,AMD,AMD,mixed,modification,0.002744,2.5278,0.059177,101,0.057828,-0.029582,-0.019791,0.011277,0.017443,0.009323,0.015415,-0.003264,0.018152,-0.007987,-0.009638
L3_modification_20190509,2019-05-09,005930.KS,Samsung,mixed,modification,0.000663,0.263,-0.100195,101,0.000986,-0.01627,0.000513,-0.006254,-0.013619,-0.040546,0.008959,-0.000144,-0.002771,-0.004543,-0.026505
L3_modification_20190509,2019-05-09,GOOG,Google,mixed,modification,0.000867,1.196,0.020185,101,-0.003009,0.007208,0.007847,0.006027,-0.005615,-0.000588,-0.00369,0.000304,-0.020692,0.031215,0.001181
L1_exclusions_20190514,2019-05-14,TSM,TSMC,relief,exclusions,0.000888,0.958,-0.092524,101,0.014931,-0.000721,-0.008291,-0.014163,-0.02073,0.015341,-0.006482,-0.019894,-0.026117,-0.033925,0.007527
L1_exclusions_20190514,2019-05-14,AAPL,Apple,relief,exclusions,-6.4e-05,1.5444,-0.06779,101,-0.001391,0.002741,-0.006014,-0.019535,-0.020787,0.003514,0.003025,-0.018074,0.003398,-0.020782,0.006114
L1_exclusions_20190514,2019-05-14,NVDA,NVIDIA,relief,exclusions,0.001186,1.9852,-0.111595,101,-0.005882,0.00668,-0.016634,-0.016621,-0.014708,0.005558,-0.027958,-0.015022,-0.012445,-0.018324,0.003761
L1_exclusions_20190514,2019-05-14,AMD,AMD,relief,exclusions,0.002381,2.6015,0.035601,101,0.012858,0.017925,0.009909,0.015504,-0.001121,0.017924,-0.008054,-0.009931,-0.005403,-0.01464,0.00063
L1_exclusions_20190514,2019-05-14,005930.KS,Samsung,relief,exclusions,0.001108,0.2472,-0.053214,101,-0.00696,-0.014089,-0.041039,0.008573,-0.00097,-0.003089,-0.004895,-0.026808,-0.008088,0.019978,0.024173
L1_exclusions_20190514,2019-05-14,GOOG,Google,relief,exclusions,0.000586,1.2359,-0.010422,101,0.006966,-0.00527,-0.000187,-0.003558,0.001546,-0.020731,0.031263,0.001107,-0.007519,-0.01242,-0.00162
L1_exclusions_20190604,2019-06-04,TSM,TSMC,relief,exclusions,0.000889,0.8866,0.017114,101,-0.007862,0.006301,0.006537,0.018959,0.013818,-0.013708,-0.029375,-0.000836,-0.000311,0.015587,0.008003
L1_exclusions_20190604,2019-06-04,AAPL,Apple,relief,exclusions,0.000609,1.5046,0.047559,101,0.007858,0.005022,0.00142,0.00113,-0.006559,0.003727,0.003254,0.004841,0.010212,0.005159,0.011497
L1_exclusions_20190604,2019-06-04,NVDA,NVIDIA,relief,exclusions,0.000333,1.8039,0.000396,101,0.002237,-0.008726,-0.011752,-0.002769,-0.007747,0.029925,-0.027084,0.006294,-0.007307,0.011398,0.015928
L1_exclusions_20190604,2019-06-04,AMD,AMD,relief,exclusions,0.001546,2.4546,0.145705,101,0.117726,-0.017627,-0.008833,0.008723,0.011443,0.018,-0.023947,0.062038,-0.008772,0.012316,-0.025364
L1_exclusions_20190604,2019-06-04,005930.KS,Samsung,relief,exclusions,0.001221,0.2155,0.033233,101,-0.001761,-0.017358,0.016269,0.000447,0.029963,-0.01383,0.007376,-0.002543,0.00335,0.011349,-3e-05
L1_exclusions_20190604,2019-06-04,GOOG,Google,relief,exclusions,9.4e-05,1.1728,-0.072982,101,0.010329,-0.007585,-0.00122,0.002573,-0.057922,-0.008998,-0.01995,-0.005255,0.008374,0.007893,-0.00122
L1_exclusions_20190709,2019-07-09,TSM,TSMC,relief,exclusions,6.7e-05,1.0507,-0.004564,101,-0.01716,-0.019649,-6.7e-05,-0.008087,-0.010264,0.007535,0.02141,0.002199,0.003147,0.014058,0.002314
L1_exclusions_20190709,2019-07-09,AAPL,Apple,relief,exclusions,0.001096,1.6016,-0.018517,101,6.9e-05,-0.005097,-0.001096,0.000916,-0.013966,0.003024,0.001569,-0.012038,-0.000812,0.008018,0.000896
L1_exclusions_20190709,2019-07-09,NVDA,NVIDIA,relief,exclusions,-0.002119,2.6915,-0.00574,101,-0.029473,-0.015326,0.002119,-0.008504,-0.003714,-0.000573,0.00746,0.034829,-0.002318,-0.000383,0.010144
L1_exclusions_20190709,2019-07-09,AMD,AMD,relief,exclusions,0.002721,3.0233,0.01308,101,-0.010292,-0.027517,-0.002721,0.012678,0.029041,0.028185,0.002948,-0.031234,-0.012152,0.032279,-0.008133
L1_exclusions_20190709,2019-07-09,005930.KS,Samsung,relief,exclusions,0.000462,0.2526,-0.002093,101,-0.008712,-0.020778,0.012754,-0.007614,-0.026623,0.014992,0.008377,0.013231,0.000536,0.002734,0.00901
L1_exclusions_20190709,2019-07-09,GOOG,Google,relief,exclusions,-0.001041,1.2494,0.044549,101,0.009496,0.000751,0.001041,0.012223,-0.006385,0.007093,0.009319,0.001457,-0.004128,0.005573,0.008111
L2_exclusions_20190731,2019-07-31,TSM,TSMC,relief,exclusions,-0.000158,1.1432,-0.023469,101,-0.002499,-0.014481,-0.011955,0.01305,-0.015783,0.001468,-0.007383,0.00323,-0.008538,0.020141,-0.000718
L2_exclusions_20190731,2019-07-31,AAPL,Apple,relief,exclusions,0.000669,1.4041,0.003919,101,-0.008065,-0.001187,-0.007564,0.010939,-0.00134,0.03502,-0.009673,-0.011601,-0.011205,-1.5e-05,0.00861
L2_exclusions_20190731,2019-07-31,NVDA,NVIDIA,relief,exclusions,-0.001033,2.2854,-0.024098,101,0.007397,-0.016494,-0.006104,0.003299,0.010529,-0.012447,-0.000924,-0.00494,0.004568,-0.018371,0.009388
L2_exclusions_20190731,2019-07-31,AMD,AMD,relief,exclusions,0.001493,2.3308,-0.05129,101,0.006093,-0.002126,-0.008317,-0.013599,0.016166,-0.077095,0.000106,0.001417,0.018662,-0.000751,0.008154
L2_exclusions_20190731,2019-07-31,005930.KS,Samsung,relief,exclusions,5.5e-05,0.0647,-0.087336,101,-0.019386,0.017527,-0.001593,-0.02222,0.009873,-0.02513,-0.00278,-0.005114,-0.020375,-0.011137,-0.007001
L2_exclusions_20190731,2019-07-31,GOOG,Google,relief,exclusions,-0.000878,1.1131,0.084846,101,-0.011669,0.001734,0.09714,-0.006121,-0.007766,0.006089,0.00459,-0.003439,-0.000876,0.001688,0.003477
L3_exclusions_20190807,2019-08-07,TSM,TSMC,relief,exclusions,8.8e-05,1.2109,0.007294,101,0.001959,-0.00702,0.003476,-0.006767,0.019013,-0.001017,-0.007296,-0.003771,0.00396,0.003074,0.001682
L3_exclusions_20190807,2019-08-07,AAPL,Apple,relief,exclusions,0.000749,1.4739,0.05491,101,0.0357,-0.009125,-0.011173,-0.009208,-0.001003,0.008477,-0.006346,0.000763,0.014868,0.019298,0.01266
L3_exclusions_20190807,2019-08-07,NVDA,NVIDIA,relief,exclusions,-0.001273,2.3304,-0.002608,101,-0.011717,-0.000278,-0.004371,0.006149,-0.018716,0.009595,-0.014054,-0.009087,0.012272,-0.003617,0.031218
L3_exclusions_20190807,2019-08-07,AMD,AMD,relief,exclusions,0.002134,2.322,0.019294,101,-0.077832,-0.000615,0.000711,0.017757,-0.001277,0.00752,0.116342,0.02119,-0.02501,-0.047137,0.007646
L3_exclusions_20190807,2019-08-07,005930.KS,Samsung,relief,exclusions,1.4e-05,0.2001,-0.05065,101,-0.023615,-0.001521,-0.004087,-0.016304,-0.012857,-0.007064,-0.016499,0.013033,0.015197,-0.01906,0.022126
L3_exclusions_20190807,2019-08-07,GOOG,Google,relief,exclusions,-0.000578,1.1699,0.024609,101,0.006408,0.004802,-0.003326,0.000516,0.000648,0.003133,0.004871,-0.005617,0.003793,0.002079,0.007302
L4_noticeofaction_20190820,2019-08-20,TSM,TSMC,tightening,noticeofaction,0.000822,1.1687,0.006178,101,0.002979,-0.000288,0.006934,-0.001039,-0.009192,0.012258,0.0048,-0.010798,0.001492,-0.004133,0.003164
L4_noticeofaction_20190820,2019-08-20,AAPL,Apple,tightening,noticeofaction,0.000741,1.4838,0.018429,101,0.019155,0.01296,-0.009379,0.001448,-6e-05,0.011051,-0.002139,-0.000836,-0.008461,0.001962,-0.007272
L4_noticeofaction_20190820,2019-08-20,NVDA,NVIDIA,tightening,noticeofaction,-0.000316,2.282,0.085903,101,-0.003841,0.028842,-0.01397,0.039924,0.043009,0.001339,0.001513,0.002931,0.006809,-0.006217,-0.014435
L4_noticeofaction_20190820,2019-08-20,AMD,AMD,tightening,noticeofaction,0.002327,2.2927,-0.081504,101,-0.046887,0.006596,-0.026826,0.015491,-0.020461,-0.008323,0.010666,0.005142,-0.01682,-0.002457,0.002375
L4_noticeofaction_20190820,2019-08-20,005930.KS,Samsung,tightening,noticeofaction,0.000652,0.1611,0.001991,101,-0.019108,0.020346,-0.001049,0.001601,-0.009436,0.020118,-0.000856,-0.010683,0.001257,-0.010385,0.010185
L4_noticeofaction_20190820,2019-08-20,GOOG,Google,tightening,noticeofaction,-0.000769,1.1552,0.008162,101,0.002493,0.007061,0.000473,-0.007038,0.004489,-0.003239,-0.00152,-9.1e-05,-0.001406,0.003368,0.003571
L2_exclusions_20190920,2019-09-20,TSM,TSMC,relief,exclusions,0.0003,1.1945,0.056426,101,0.015768,0.000316,0.008499,-0.002704,0.003746,-0.017393,0.004375,0.010887,0.012515,0.034816,-0.014398
L2_exclusions_20190920,2019-09-20,AAPL,Apple,relief,exclusions,0.000674,1.4592,-0.002965,101,-0.019071,0.009158,-0.000804,0.008205,-0.008829,-0.008149,0.004014,0.006852,0.005728,-0.002288,0.002218
L2_exclusions_20190920,2019-09-20,NVDA,NVIDIA,relief,exclusions,-0.000989,2.1158,-0.023955,101,-0.010123,-0.001886,0.000299,-0.005756,-0.015944,-0.012673,0.013643,0.005584,0.020996,0.001134,-0.019228
L2_exclusions_20190920,2019-09-20,AMD,AMD,relief,exclusions,0.000902,2.4326,-0.020232,101,0.016749,0.011287,-0.001993,-0.020129,-0.005224,0.003083,0.018967,-0.016983,-0.015206,0.002636,-0.01342
L2_exclusions_20190920,2019-09-20,005930.KS,Samsung,relief,exclusions,-0.000487,0.0111,0.039675,101,0.000495,-0.000538,-0.003788,0.017541,0.030886,0.001559,0.002521,0.004637,-0.011702,0.006649,-0.008585
L2_exclusions_20190920,2019-09-20,GOOG,Google,relief,exclusions,-0.000268,1.2366,0.015682,101,0.005466,-0.002518,-0.004671,0.002496,0.005355,-0.000766,0.003721,-0.001698,0.015429,-0.000844,-0.006288
L3_exclusions_20190920,2019-09-20,TSM,TSMC,relief,exclusions,0.0003,1.1945,0.056426,101,0.015768,0.000316,0.008499,-0.002704,0.003746,-0.017393,0.004375,0.010887,0.012515,0.034816,-0.014398
L3_exclusions_20190920,2019-09-20,AAPL,Apple,relief,exclusions,0.000674,1.4592,-0.002965,101,-0.019071,0.009158,-0.000804,0.008205,-0.008829,-0.008149,0.004014,0.006852,0.005728,-0.002288,0.002218
L3_exclusions_20190920,2019-09-20,NVDA,NVIDIA,relief,exclusions,-0.000989,2.1158,-0.023955,101,-0.010123,-0.001886,0.000299,-0.005756,-0.015944,-0.012673,0.013643,0.005584,0.020996,0.001134,-0.019228
L3_exclusions_20190920,2019-09-20,AMD,AMD,relief,exclusions,0.000902,2.4326,-0.020232,101,0.016749,0.011287,-0.001993,-0.020129,-0.005224,0.003083,0.018967,-0.016983,-0.015206,0.002636,-0.01342
L3_exclusions_20190920,2019-09-20,005930.KS,Samsung,relief,exclusions,-0.000487,0.0111,0.039675,101,0.000495,-0.000538,-0.003788,0.017541,0.030886,0.001559,0.002521,0.004637,-0.011702,0.006649,-0.008585
L3_exclusions_20190920,2019-09-20,GOOG,Google,relief,exclusions,-0.000268,1.2366,0.015682,101,0.005466,-0.002518,-0.004671,0.002496,0.005355,-0.000766,0.003721,-0.001698,0.015429,-0.000844,-0.006288
L1_exclusions_20190920,2019-09-20,TSM,TSMC,relief,exclusions,0.0003,1.1945,0.056426,101,0.015768,0.000316,0.008499,-0.002704,0.003746,-0.017393,0.004375,0.010887,0.012515,0.034816,-0.014398
L1_exclusions_20190920,2019-09-20,AAPL,Apple,relief,exclusions,0.000674,1.4592,-0.002965,101,-0.019071,0.009158,-0.000804,0.008205,-0.008829,-0.008149,0.004014,0.006852,0.005728,-0.002288,0.002218
L1_exclusions_20190920,2019-09-20,NVDA,NVIDIA,relief,exclusions,-0.000989,2.1158,-0.023955,101,-0.010123,-0.001886,0.000299,-0.005756,-0.015944,-0.012673,0.013643,0.005584,0.020996,0.001134,-0.019228
L1_exclusions_20190920,2019-09-20,AMD,AMD,relief,exclusions,0.000902,2.4326,-0.020232,101,0.016749,0.011287,-0.001993,-0.020129,-0.005224,0.003083,0.018967,-0.016983,-0.015206,0.002636,-0.01342
L1_exclusions_20190920,2019-09-20,005930.KS,Samsung,relief,exclusions,-0.000487,0.0111,0.039675,101,0.000495,-0.000538,-0.003788,0.017541,0.030886,0.001559,0.002521,0.004637,-0.011702,0.006649,-0.008585
L1_exclusions_20190920,2019-09-20,GOOG,Google,relief,exclusions,-0.000268,1.2366,0.015682,101,0.005466,-0.002518,-0.004671,0.002496,0.005355,-0.000766,0.003721,-0.001698,0.015429,-0.000844,-0.006288
L2_exclusions_20191002,2019-10-02,TSM,TSMC,relief,exclusions,0.000337,1.2263,0.115324,101,0.012283,0.034857,-0.014265,0.014788,0.029971,0.005513,0.004964,-0.011618,0.016332,0.016869,0.005632
L2_exclusions_20191002,2019-10-02,AAPL,Apple,relief,exclusions,0.000496,1.4756,0.060696,101,0.005806,-0.002069,0.002484,0.015591,0.020361,0.000855,-0.003765,0.006557,0.006333,0.010752,-0.00221
L2_exclusions_20191002,2019-10-02,NVDA,NVIDIA,relief,exclusions,-0.001055,2.1388,0.09427,101,0.02092,0.001256,-0.019039,0.003708,0.026871,0.03383,0.031797,-0.025712,0.023602,-0.004181,0.001218
L2_exclusions_20191002,2019-10-02,AMD,AMD,relief,exclusions,0.001237,2.3721,-0.012517,101,-0.015168,0.002155,-0.014075,-0.003809,0.019908,0.025585,-0.007078,-0.023455,0.006629,0.011479,-0.014687
L2_exclusions_20191002,2019-10-02,005930.KS,Samsung,relief,exclusions,-0.000513,0.0012,0.001589,101,-0.011615,0.006651,-0.008611,0.013937,-0.00355,-0.025054,0.000504,0.008899,-0.00469,0.024616,0.000502
L2_exclusions_20191002,2019-10-02,GOOG,Google,relief,exclusions,-0.000378,1.2492,0.010956,101,0.015462,-0.000704,-0.006112,-0.010899,0.004288,-0.000882,-6.2e-05,0.000441,0.00488,0.004456,8.8e-05
L1_exclusions_20191002,2019-10-02,TSM,TSMC,relief,exclusions,0.000337,1.2263,0.115324,101,0.012283,0.034857,-0.014265,0.014788,0.029971,0.005513,0.004964,-0.011618,0.016332,0.016869,0.005632
L1_exclusions_20191002,2019-10-02,AAPL,Apple,relief,exclusions,0.000496,1.4756,0.060696,101,0.005806,-0.002069,0.002484,0.015591,0.020361,0.000855,-0.003765,0.006557,0.006333,0.010752,-0.00221
L1_exclusions_20191002,2019-10-02,NVDA,NVIDIA,relief,exclusions,-0.001055,2.1388,0.09427,101,0.02092,0.001256,-0.019039,0.003708,0.026871,0.03383,0.031797,-0.025712,0.023602,-0.004181,0.001218
L1_exclusions_20191002,2019-10-02,AMD,AMD,relief,exclusions,0.001237,2.3721,-0.012517,101,-0.015168,0.002155,-0.014075,-0.003809,0.019908,0.025585,-0.007078,-0.023455,0.006629,0.011479,-0.014687
L1_exclusions_20191002,2019-10-02,005930.KS,Samsung,relief,exclusions,-0.000513,0.0012,0.001589,101,-0.011615,0.006651,-0.008611,0.013937,-0.00355,-0.025054,0.000504,0.008899,-0.00469,0.024616,0.000502
L1_exclusions_20191002,2019-10-02,GOOG,Google,relief,exclusions,-0.000378,1.2492,0.010956,101,0.015462,-0.000704,-0.006112,-0.010899,0.004288,-0.000882,-6.2e-05,0.000441,0.00488,0.004456,8.8e-05
L3_exclusions_20191028,2019-10-28,TSM,TSMC,relief,exclusions,0.000888,1.3252,0.032614,101,0.004616,0.016641,-0.013942,0.012114,-0.002752,-0.004764,0.003333,0.003349,-0.002276,-0.004589,0.020883
L3_exclusions_20191028,2019-10-28,AAPL,Apple,relief,exclusions,0.000874,1.5671,0.029362,101,0.0057,0.002431,0.008083,-0.002239,0.00506,0.000396,-0.022698,-0.006096,0.026472,0.012365,-0.000112
L3_exclusions_20191028,2019-10-28,NVDA,NVIDIA,relief,exclusions,-0.000184,2.3029,0.033957,101,0.013338,0.006361,-0.009031,0.004834,0.029818,-0.001669,-0.016614,-0.006914,-0.002609,-0.014256,0.030698
L3_exclusions_20191028,2019-10-28,AMD,AMD,relief,exclusions,3.3e-05,2.4085,0.088091,101,0.017643,-0.007672,-0.011651,0.006821,0.021369,0.016485,-0.017618,-0.004841,0.031395,0.004989,0.031172
L3_exclusions_20191028,2019-10-28,005930.KS,Samsung,relief,exclusions,0.001553,0.0273,0.029787,101,0.006275,0.016437,-0.001631,-0.011371,0.00228,0.006153,-0.005429,-0.015341,-0.001471,0.014055,0.01983
L3_exclusions_20191028,2019-10-28,GOOG,Google,relief,exclusions,0.000138,1.29,-0.004004,101,-0.008472,0.001777,0.009329,-0.001138,-0.002109,0.01232,-0.020289,-0.005388,0.002826,-0.001786,0.008925
L3_exclusions_20191113,2019-11-13,TSM,TSMC,relief,exclusions,0.002624,1.0945,-0.041376,101,-0.001712,-0.005053,-0.021077,-0.004829,-0.012891,0.010596,-0.011104,0.004388,-0.000735,0.00439,-0.003349
L3_exclusions_20191113,2019-11-13,AAPL,Apple,relief,exclusions,0.001904,1.4251,-0.009988,101,-0.002477,0.005747,-0.002816,0.008812,-0.005049,0.006664,-0.010016,-0.000991,0.002422,-0.004092,-0.008192
L3_exclusions_20191113,2019-11-13,NVDA,NVIDIA,relief,exclusions,0.001883,2.153,-0.035363,101,-0.012842,-0.004342,-0.010084,0.004267,0.001617,-0.008377,0.002164,-0.045145,0.036653,-0.020817,0.021542
L3_exclusions_20191113,2019-11-13,AMD,AMD,relief,exclusions,-0.000499,2.2862,0.107595,101,-0.007193,0.003999,-0.00508,0.005536,0.007938,0.020937,0.020707,-0.011618,0.033581,0.03721,0.001578
L3_exclusions_20191113,2019-11-13,005930.KS,Samsung,relief,exclusions,0.001923,0.0668,-0.034253,101,0.009415,-0.00961,-0.017217,-0.011389,0.017352,-0.003872,0.003735,0.014608,-0.005681,-0.001884,-0.02971
L3_exclusions_20191113,2019-11-13,GOOG,Google,relief,exclusions,0.000182,1.2825,-0.007156,101,-0.001261,0.009523,-0.001548,-0.006953,-0.002489,-0.00171,0.009114,0.007799,-0.011442,-0.00339,-0.004799
L3_exclusions_20191129,2019-11-29,TSM,TSMC,relief,exclusions,0.00253,1.2197,-0.007604,101,-0.008769,0.006688,-0.007626,-0.002773,-0.00253,-0.012483,0.005925,0.001791,-0.002664,0.018581,-0.003745
L3_exclusions_20191129,2019-11-29,AAPL,Apple,relief,exclusions,0.002022,1.4021,-0.007996,101,-0.005949,0.004985,-0.012909,0.005557,-0.002022,0.001399,-0.001483,-0.010545,-0.002062,0.010546,0.004485
L3_exclusions_20191129,2019-11-29,NVDA,NVIDIA,relief,exclusions,0.00208,2.1263,-0.039708,101,-0.003326,0.030892,-0.02578,-0.0045,-0.00208,-0.000424,-0.018285,0.004436,-0.007051,-0.008517,-0.005074
L3_exclusions_20191129,2019-11-29,AMD,AMD,relief,exclusions,8.6e-05,2.243,-0.028228,101,-0.014326,-0.000577,-0.025116,0.001323,-8.6e-05,0.002314,0.008546,0.019193,0.006039,-0.005214,-0.020325
L3_exclusions_20191129,2019-11-29,005930.KS,Samsung,relief,exclusions,0.001728,0.0908,-0.031389,101,0.009839,0.001466,-0.001928,0.005615,-0.01897,-0.020858,0.001043,-0.011047,-0.01132,-0.000853,0.015624
L3_exclusions_20191129,2019-11-29,GOOG,Google,relief,exclusions,0.00087,1.3009,0.002706,101,-0.008317,-0.001873,0.001524,-0.006727,-0.00087,-0.001767,-0.001167,0.011921,0.010406,0.002926,-0.00335
L3_exclusions_20191217,2019-12-17,TSM,TSMC,relief,exclusions,0.00217,1.1087,0.013019,101,0.000148,0.019918,0.036802,-0.008392,-0.005116,0.009245,-0.003885,-0.019552,-0.00817,0.001876,-0.009854
L3_exclusions_20191217,2019-12-17,AAPL,Apple,relief,exclusions,0.002176,1.4094,0.000595,101,0.005214,0.002255,-0.011714,0.011315,0.004868,-0.000683,-0.003956,-0.00746,-0.011217,0.012922,-0.000949
L3_exclusions_20191217,2019-12-17,NVDA,NVIDIA,relief,exclusions,0.001376,2.0991,0.04567,101,0.009458,0.008222,0.011589,-0.001885,-0.011201,0.011866,0.004876,0.015188,0.004851,-0.005492,-0.001803
L3_exclusions_20191217,2019-12-17,AMD,AMD,relief,exclusions,0.001953,2.2705,0.09985,101,0.013638,-0.007795,0.057624,-0.035929,0.010979,0.007203,-0.01196,0.000452,0.017639,0.025752,0.022248
L3_exclusions_20191217,2019-12-17,005930.KS,Samsung,relief,exclusions,0.00147,0.0903,0.054449,101,0.004488,0.006035,0.02473,0.02479,-0.002116,0.035063,-0.008486,-0.007201,-0.001917,-0.010477,-0.010461
L3_exclusions_20191217,2019-12-17,GOOG,Google,relief,exclusions,0.001199,1.3095,-0.049221,101,0.001056,-0.00474,-0.008525,-0.003101,-0.000662,-0.006083,-0.002478,-0.00451,-0.012431,-0.002889,-0.004858
L1_exclusions_20191217,2019-12-17,TSM,TSMC,relief,exclusions,0.00217,1.1087,0.013019,101,0.000148,0.019918,0.036802,-0.008392,-0.005116,0.009245,-0.003885,-0.019552,-0.00817,0.001876,-0.009854
L1_exclusions_20191217,2019-12-17,AAPL,Apple,relief,exclusions,0.002176,1.4094,0.000595,101,0.005214,0.002255,-0.011714,0.011315,0.004868,-0.000683,-0.003956,-0.00746,-0.011217,0.012922,-0.000949
L1_exclusions_20191217,2019-12-17,NVDA,NVIDIA,relief,exclusions,0.001376,2.0991,0.04567,101,0.009458,0.008222,0.011589,-0.001885,-0.011201,0.011866,0.004876,0.015188,0.004851,-0.005492,-0.001803
L1_exclusions_20191217,2019-12-17,AMD,AMD,relief,exclusions,0.001953,2.2705,0.09985,101,0.013638,-0.007795,0.057624,-0.035929,0.010979,0.007203,-0.01196,0.000452,0.017639,0.025752,0.022248
L1_exclusions_20191217,2019-12-17,005930.KS,Samsung,relief,exclusions,0.00147,0.0903,0.054449,101,0.004488,0.006035,0.02473,0.02479,-0.002116,0.035063,-0.008486,-0.007201,-0.001917,-0.010477,-0.010461
L1_exclusions_20191217,2019-12-17,GOOG,Google,relief,exclusions,0.001199,1.3095,-0.049221,101,0.001056,-0.00474,-0.008525,-0.003101,-0.000662,-0.006083,-0.002478,-0.00451,-0.012431,-0.002889,-0.004858
L3_exclusions_20200106,2020-01-06,TSM,TSMC,relief,exclusions,0.002301,1.1249,-0.009849,101,0.001266,-0.006233,-0.001294,0.021665,-0.027338,-0.017816,0.017057,-0.000443,-0.001618,-0.005336,0.010239
L3_exclusions_20200106,2020-01-06,AAPL,Apple,relief,exclusions,0.002162,1.4267,0.045094,101,-0.00259,0.012021,0.000941,0.0087,-0.001811,0.000764,-0.002865,0.00693,0.009584,0.004172,0.009249
L3_exclusions_20200106,2020-01-06,NVDA,NVIDIA,relief,exclusions,0.001348,2.1541,0.006386,101,-0.01112,-0.008104,0.005134,0.000195,-0.002146,-0.004766,0.016798,-0.010033,-0.004701,0.010152,0.014977
L3_exclusions_20200106,2020-01-06,AMD,AMD,relief,exclusions,0.000964,2.2958,0.002742,101,-0.010692,-0.001984,-0.000258,0.05045,0.005061,-0.013397,0.002579,-0.020924,0.007591,-0.010745,-0.004939
L3_exclusions_20200106,2020-01-06,005930.KS,Samsung,relief,exclusions,0.000814,0.1118,0.076857,101,0.025596,-0.012557,-0.001144,-0.012504,0.00541,-0.00121,0.004905,0.016558,0.030131,0.014863,0.006809
L3_exclusions_20200106,2020-01-06,GOOG,Google,relief,exclusions,0.000967,1.3062,0.026986,101,-0.007267,-0.005066,-0.004157,0.010788,0.003348,0.019075,0.002071,0.00051,0.001384,0.009736,-0.003435
L3_exclusions_20200205,2020-02-05,TSM,TSMC,relief,exclusions,0.002344,1.1047,-0.013611,101,0.000366,-0.030111,-0.016118,0.00503,0.031317,-0.007818,-0.004291,-0.027746,0.004154,0.024553,0.007053
L3_exclusions_20200205,2020-02-05,AAPL,Apple,relief,exclusions,0.002151,1.475,-0.035916,101,0.02006,-0.008224,-0.020374,-0.015598,0.008767,-0.010591,0.004641,-0.007778,-0.008208,-0.010675,0.012065
L3_exclusions_20200205,2020-02-05,NVDA,NVIDIA,relief,exclusions,0.001659,2.1977,0.010013,101,-0.009553,-0.007447,-0.000907,-0.001106,-0.006286,-0.011695,0.004951,-0.000252,0.027473,0.01334,0.001497
L3_exclusions_20200205,2020-02-05,AMD,AMD,relief,exclusions,0.00207,2.0085,-0.016196,101,-0.060095,0.018366,-0.002998,0.005062,-0.002379,-0.01678,-0.019183,0.017091,0.03409,0.024007,-0.013377
L3_exclusions_20200205,2020-02-05,005930.KS,Samsung,relief,exclusions,0.002375,0.3307,-0.006253,101,0.003014,-0.03556,-0.010505,0.009411,0.022391,0.004091,0.023416,-0.012045,-0.016387,0.000417,0.005505
L3_exclusions_20200205,2020-02-05,GOOG,Google,relief,exclusions,0.000223,1.3163,0.001901,101,0.005097,-0.006261,0.008239,0.026282,-0.0461,-0.01423,0.014733,0.008918,0.010042,-0.002373,-0.002446
L1_exclusions_20200211,2020-02-11,TSM,TSMC,relief,exclusions,0.002432,1.1583,-0.040904,101,0.030426,-0.00851,-0.004558,-0.027545,0.003673,0.024374,0.006618,-0.005575,-0.023782,-0.002432,-0.033592
L1_exclusions_20200211,2020-02-11,AAPL,Apple,relief,exclusions,0.002146,1.535,-0.043742,101,0.007872,-0.011262,0.004446,-0.007449,-0.008643,-0.010772,0.011681,-0.006765,-0.00473,-0.002146,-0.015975
L1_exclusions_20200211,2020-02-11,NVDA,NVIDIA,relief,exclusions,0.001383,2.0962,0.122263,101,-0.004491,-0.010278,0.005564,-0.000524,0.028492,0.013787,0.002428,-0.004423,0.064957,-0.001383,0.028134
L1_exclusions_20200211,2020-02-11,AMD,AMD,relief,exclusions,0.001942,2.0344,0.075825,101,-0.002639,-0.016943,-0.019141,0.017359,0.034028,0.024091,-0.013417,0.013251,0.008612,-0.001942,0.032565
L1_exclusions_20200211,2020-02-11,005930.KS,Samsung,relief,exclusions,0.002766,0.4416,-0.000687,101,0.020338,0.002452,0.022656,-0.011837,-0.017591,-0.000162,0.004397,0.00126,0.014542,-0.007621,-0.029119
L1_exclusions_20200211,2020-02-11,GOOG,Google,relief,exclusions,0.000358,1.3028,-0.028838,101,-0.046033,-0.014214,0.014643,0.008711,0.010006,-0.002485,-0.002494,-0.000611,0.001254,-0.000358,0.002743
L3_exclusions_20200220,2020-02-20,TSM,TSMC,relief,exclusions,0.0017,1.1667,0.01623,101,-0.004829,-0.023065,-0.0017,-0.032835,0.018798,-0.017373,-0.005186,0.010957,0.028824,0.024432,0.018207
L3_exclusions_20200220,2020-02-20,AAPL,Apple,relief,exclusions,0.002421,1.4747,-0.018135,101,-0.007138,-0.004894,-0.002421,-0.016425,0.005122,-0.007053,-0.009545,-0.000498,0.008362,0.019015,-0.00266
L3_exclusions_20200220,2020-02-20,NVDA,NVIDIA,relief,exclusions,0.001602,2.0723,0.175215,101,-0.004682,0.064782,-0.001602,0.027845,0.049778,-0.012761,-0.027198,-0.002849,0.020053,0.027598,0.034252
L3_exclusions_20200220,2020-02-20,AMD,AMD,relief,exclusions,0.00274,1.8641,0.009276,101,0.012175,0.008127,-0.00274,0.031269,0.023819,-0.023302,-0.052803,-0.018345,0.022149,0.002622,0.006306
L3_exclusions_20200220,2020-02-20,005930.KS,Samsung,relief,exclusions,0.002556,0.7212,-0.015639,101,0.001926,0.014237,-0.00741,-0.028092,0.000739,-0.003126,-0.008303,-0.018925,0.038649,-0.02401,0.018677
L3_exclusions_20200220,2020-02-20,GOOG,Google,relief,exclusions,0.000578,1.3186,0.018858,101,-0.000806,0.001005,-0.000578,0.002568,-0.002164,-0.001141,-0.008473,0.000842,0.016037,0.007811,0.003757
L2_exclusions_20200225,2020-02-25,TSM,TSMC,relief,exclusions,0.001615,1.1872,0.063114,101,-0.03269,0.018786,-0.01721,-0.004886,0.011729,0.029529,0.024594,0.019197,0.018486,-0.016525,0.012105
L2_exclusions_20200225,2020-02-25,AAPL,Apple,relief,exclusions,0.002583,1.5201,0.038943,101,-0.016454,0.004747,-0.007041,-0.009229,0.000863,0.009575,0.019025,-0.000816,0.009356,0.020533,0.008386
L2_exclusions_20200225,2020-02-25,NVDA,NVIDIA,relief,exclusions,0.001454,1.9646,0.135696,101,0.027679,0.050433,-0.013024,-0.028182,-0.006311,0.01694,0.027339,0.029643,0.083892,-0.068352,0.015637
L2_exclusions_20200225,2020-02-25,AMD,AMD,relief,exclusions,0.002986,1.9682,0.036624,101,0.031327,0.023084,-0.02315,-0.051955,-0.015104,0.025055,0.002769,0.010656,0.04663,-0.050063,0.037375
L2_exclusions_20200225,2020-02-25,005930.KS,Samsung,relief,exclusions,0.002333,0.4055,-0.081154,101,-0.028791,0.002448,-0.004108,-0.011401,-0.029284,0.029312,-0.02498,0.004956,-0.029403,-0.006241,0.016337
L2_exclusions_20200225,2020-02-25,GOOG,Google,relief,exclusions,0.000589,1.2978,0.021143,101,0.002497,-0.002077,-0.001231,-0.008703,0.000133,0.015396,0.007721,0.002827,0.026216,-0.02317,0.001536
L4_exclusions_20200310,2020-03-10,TSM,TSMC,relief,exclusions,0.001285,1.4012,0.111952,101,0.018449,-0.020329,0.022594,0.010768,0.046326,-0.018789,0.025544,0.064027,-0.058707,0.026289,-0.004221
L4_exclusions_20200310,2020-03-10,AAPL,Apple,relief,exclusions,0.002075,1.5478,0.110675,101,0.009671,-0.021013,0.017993,0.011041,0.03642,-0.00651,0.038834,0.046388,-0.026015,0.05477,-0.050904
L4_exclusions_20200310,2020-03-10,NVDA,NVIDIA,relief,exclusions,0.002053,2.017,0.138328,101,0.016512,-0.017148,0.026932,0.005816,0.073748,-0.037964,0.040556,0.067424,-0.075974,0.055147,-0.01672
L4_exclusions_20200310,2020-03-10,AMD,AMD,relief,exclusions,0.003658,2.0522,0.233704,101,0.039065,-0.018394,0.026045,0.041317,0.042759,-0.056265,0.103681,0.045142,-0.068895,0.124055,-0.044806
L4_exclusions_20200310,2020-03-10,005930.KS,Samsung,relief,exclusions,0.001587,0.5486,-0.068319,101,0.021106,0.011362,0.023992,-0.014722,0.040091,-0.062314,-0.020564,0.050593,-0.093804,0.043139,-0.067199
L4_exclusions_20200310,2020-03-10,GOOG,Google,relief,exclusions,0.000783,1.1053,-0.009011,101,-0.004069,-0.013785,-0.011959,0.002426,0.019376,-0.002047,0.00248,0.021655,-0.009416,0.020666,-0.034339
L3_exclusions_20200316,2020-03-16,TSM,TSMC,relief,exclusions,0.000989,1.3991,0.18951,101,0.046464,-0.01839,0.025738,0.064126,-0.058218,0.026336,-0.003801,-0.014382,-0.009008,0.074256,0.056389
L3_exclusions_20200316,2020-03-16,AAPL,Apple,relief,exclusions,0.002001,1.5655,0.158565,101,0.037837,-0.007309,0.039772,0.048143,-0.027582,0.056962,-0.05189,0.05466,-0.017033,0.002392,0.022614
L3_exclusions_20200316,2020-03-16,NVDA,NVIDIA,relief,exclusions,0.002526,1.9933,0.311653,101,0.071472,-0.037265,0.038924,0.064694,-0.074244,0.051831,-0.015771,0.034281,0.038135,0.050001,0.089596
L3_exclusions_20200316,2020-03-16,AMD,AMD,relief,exclusions,0.003966,1.9913,0.355739,101,0.037822,-0.053564,0.100395,0.039039,-0.063545,0.116444,-0.041461,0.03334,0.004553,0.0771,0.105615
L3_exclusions_20200316,2020-03-16,005930.KS,Samsung,relief,exclusions,0.001759,0.6004,-0.140159,101,0.043851,-0.065043,-0.018207,0.055344,-0.098783,0.049169,-0.070474,-0.006582,-0.062699,0.081316,-0.048049
L3_exclusions_20200316,2020-03-16,GOOG,Google,relief,exclusions,0.000684,1.0728,0.083509,101,0.017007,-0.000343,0.000992,0.018664,-0.006299,0.016872,-0.032292,0.03438,0.011123,0.007304,0.016101
L4_exclusions_20200317,2020-03-17,TSM,TSMC,relief,exclusions,0.000252,1.4654,0.104463,101,-0.020931,0.029718,0.071175,-0.063644,0.035027,-0.007043,-0.010206,-0.008584,0.077871,0.05907,-0.057989
L4_exclusions_20200317,2020-03-17,AAPL,Apple,relief,exclusions,0.001861,1.5792,0.0749,101,-0.007845,0.04058,0.049584,-0.028713,0.058741,-0.052571,0.055509,-0.016958,0.003125,0.023155,-0.049707
L4_exclusions_20200317,2020-03-17,NVDA,NVIDIA,relief,exclusions,0.002855,1.9622,0.215844,101,-0.036058,0.037074,0.061406,-0.071685,0.047774,-0.014236,0.032339,0.037952,0.048323,0.088355,-0.015399
L4_exclusions_20200317,2020-03-17,AMD,AMD,relief,exclusions,0.004325,1.9573,0.230189,101,-0.052244,0.098376,0.035448,-0.060747,0.112014,-0.039782,0.03122,0.004355,0.075269,0.104262,-0.077982
L4_exclusions_20200317,2020-03-17,005930.KS,Samsung,relief,exclusions,0.001384,0.6355,-0.130193,101,-0.066402,-0.016116,0.059058,-0.101668,0.053752,-0.072204,-0.004387,-0.062489,0.083214,-0.046645,0.043696
L4_exclusions_20200317,2020-03-17,GOOG,Google,relief,exclusions,0.000728,1.0689,0.038001,101,-0.000192,0.000755,0.018245,-0.005977,0.016356,-0.032099,0.034132,0.011098,0.007089,0.015942,-0.027348
L3_exclusions_20200326,2020-03-26,TSM,TSMC,relief,exclusions,0.001063,1.1071,0.01648,101,-0.007708,0.061524,0.047763,-0.025181,-0.011174,-0.052408,-0.023121,-0.018771,0.016038,0.021025,0.008493
L3_exclusions_20200326,2020-03-26,AAPL,Apple,relief,exclusions,0.001761,1.5375,-0.110998,101,-0.016661,0.001417,0.022033,-0.045693,-0.025005,-0.045098,0.00863,-0.024753,0.020817,0.01349,-0.020174
L3_exclusions_20200326,2020-03-26,NVDA,NVIDIA,relief,exclusions,0.003069,1.9468,0.098341,101,0.037811,0.04744,0.087689,-0.014165,-0.039812,-0.077265,0.04498,-0.017432,0.020611,0.004982,0.003502
L3_exclusions_20200326,2020-03-26,AMD,AMD,relief,exclusions,0.004144,2.0806,-0.03413,101,0.003955,0.080796,0.108055,-0.08937,-0.062544,-0.069696,0.046578,-0.046397,-0.020556,0.047681,-0.032632
L3_exclusions_20200326,2020-03-26,005930.KS,Samsung,relief,exclusions,0.001662,0.4693,-0.001678,101,-0.061986,0.075728,-0.051792,0.059013,0.029133,-0.048423,0.024606,-0.019393,0.003762,-0.021785,0.009459
L3_exclusions_20200326,2020-03-26,GOOG,Google,relief,exclusions,0.000757,1.1154,-0.047818,101,0.01085,0.009078,0.017276,-0.031742,-0.041803,-0.016621,-0.007116,-0.005629,0.031047,-0.000703,-0.012454
L4_exclusions_20200331,2020-03-31,TSM,TSMC,relief,exclusions,0.001077,1.0249,-0.098051,101,-0.017477,-0.010239,-0.047288,-0.025906,-0.016028,0.014706,0.017379,0.010357,-0.007795,-0.011322,-0.004437
L4_exclusions_20200331,2020-03-31,AAPL,Apple,relief,exclusions,0.002061,1.6143,-0.161599,101,-0.0532,-0.02619,-0.050191,0.010918,-0.027627,0.021748,0.016581,-0.022227,0.008004,-0.028358,-0.011055
L4_exclusions_20200331,2020-03-31,NVDA,NVIDIA,relief,exclusions,0.003599,1.5066,-0.092792,101,0.026603,-0.035265,-0.050324,0.029622,-0.003211,0.013033,-0.014977,0.01302,-0.026043,-0.009156,-0.036094
L4_exclusions_20200331,2020-03-31,AMD,AMD,relief,exclusions,0.004844,1.7031,-0.215279,101,-0.054653,-0.05889,-0.046836,0.033161,-0.034446,-0.027301,0.030318,-0.024715,-0.02177,-0.008872,-0.001272
L4_exclusions_20200331,2020-03-31,005930.KS,Samsung,relief,exclusions,0.001369,0.4605,0.069993,101,0.060126,0.029527,-0.047585,0.024606,-0.018807,0.003916,-0.021877,0.009952,0.009876,0.002411,0.01785
L4_exclusions_20200331,2020-03-31,GOOG,Google,relief,exclusions,0.000847,1.0402,-0.073955,101,-0.024774,-0.041026,-0.012017,-0.00974,-0.003198,0.029752,-0.004114,-0.010827,-0.005586,0.007099,0.000475
L3_exclusions_20200424,2020-04-24,TSM,TSMC,relief,exclusions,0.000658,0.8989,-0.041284,101,-0.000124,-0.005072,0.003717,0.009487,-0.006027,-0.011459,0.000908,-0.009961,0.008046,-0.017156,-0.013643
L3_exclusions_20200424,2020-04-24,AAPL,Apple,relief,exclusions,0.001896,1.1159,-0.024825,101,-0.045362,-0.0027,0.001423,0.001321,-0.005169,0.011443,-0.017608,-0.012255,0.001286,0.02948,0.013315
L3_exclusions_20200424,2020-04-24,NVDA,NVIDIA,relief,exclusions,0.004796,1.3422,-0.106183,101,-0.048835,0.001175,-0.024729,0.026168,-0.011551,-0.00383,0.001318,-0.017014,-0.016109,-0.013138,0.000361
L3_exclusions_20200424,2020-04-24,AMD,AMD,relief,exclusions,0.005103,1.1793,-0.197948,101,-0.042845,0.02252,-0.04002,0.024546,-0.004825,-0.016507,-0.016937,-0.016269,-0.06978,-0.017907,-0.019924
L3_exclusions_20200424,2020-04-24,005930.KS,Samsung,relief,exclusions,-0.00028,0.1659,0.022895,101,0.044815,-0.022045,-0.011597,0.008659,0.00037,-0.012059,0.007971,0.006165,-0.006126,0.001808,0.004935
L3_exclusions_20200424,2020-04-24,GOOG,Google,relief,exclusions,0.000192,0.8883,0.036479,101,-0.008338,0.002725,-0.012631,0.017972,0.010658,-0.010205,-0.015944,-0.028618,0.063582,0.013344,0.003935
L3_exclusions_20200508,2020-05-08,TSM,TSMC,relief,exclusions,0.000189,0.8731,-0.050326,101,-0.013899,0.016648,-0.01652,0.014027,-0.006397,-0.003836,-0.009944,-0.007099,0.011535,0.012922,-0.047763
L3_exclusions_20200508,2020-05-08,AAPL,Apple,relief,exclusions,0.001426,1.1071,0.05174,101,0.013538,0.008018,0.003574,0.016618,-0.003817,0.003698,0.014162,0.009841,0.005833,-0.008041,-0.011685
L3_exclusions_20200508,2020-05-08,NVDA,NVIDIA,relief,exclusions,0.004274,1.3528,0.129291,101,0.001182,0.020071,-0.008093,0.018956,0.003937,-0.002071,0.02793,-0.009148,0.016467,0.012333,0.047727
L3_exclusions_20200508,2020-05-08,AMD,AMD,relief,exclusions,0.003274,1.1864,0.022715,101,-0.017893,0.045413,-0.02104,0.004432,-0.02095,0.000578,0.044509,-0.014474,-0.011945,0.027705,-0.01362
L3_exclusions_20200508,2020-05-08,005930.KS,Samsung,relief,exclusions,-0.000268,0.1925,-0.037131,101,0.00567,-0.03055,-0.001473,0.016045,-0.010078,-0.002981,-0.007955,-0.006116,0.0172,-0.01328,-0.003614
L3_exclusions_20200508,2020-05-08,GOOG,Google,relief,exclusions,0.000194,0.896,0.031173,101,0.004148,0.000685,0.010028,0.00324,0.008246,-0.003792,0.010411,-0.001437,-0.003744,-0.005481,0.008868
L4_exclusions_20200513,2020-05-13,TSM,TSMC,relief,exclusions,0.000635,0.8754,-0.033593,101,0.013597,-0.006869,-0.00432,-0.01039,-0.007498,0.01113,0.01245,-0.048218,0.013356,-0.011892,0.005061
L4_exclusions_20200513,2020-05-13,AAPL,Apple,relief,exclusions,0.00218,1.1058,0.009615,101,0.015855,-0.004556,0.002966,0.013408,0.009061,0.005056,-0.00878,-0.012434,-0.013452,0.003636,-0.001144
L4_exclusions_20200513,2020-05-13,NVDA,NVIDIA,relief,exclusions,0.00478,1.3485,0.1025,101,0.01842,0.003481,-0.002505,0.027425,-0.009743,0.015886,0.011876,0.047238,-0.016698,0.015673,-0.008553
L4_exclusions_20200513,2020-05-13,AMD,AMD,relief,exclusions,0.005086,1.1876,-0.01835,101,0.002628,-0.022775,-0.001254,0.042697,-0.016262,-0.013737,0.02588,-0.015436,-0.035301,0.023485,-0.008275
L4_exclusions_20200513,2020-05-13,005930.KS,Samsung,relief,exclusions,3.5e-05,0.1948,0.023989,101,0.015758,-0.010407,-0.003322,-0.008257,-0.006371,0.016937,-0.013609,-0.003925,0.013682,0.032746,-0.009243
L4_exclusions_20200513,2020-05-13,GOOG,Google,relief,exclusions,0.000749,0.8963,0.000329,101,0.002686,0.007687,-0.004353,0.009856,-0.001986,-0.004294,-0.00604,0.008311,-0.021156,0.001093,0.008523
L3_exclusions_20200521,2020-05-21,TSM,TSMC,relief,exclusions,0.001158,0.8807,-0.085722,101,0.011865,-0.048762,0.012665,-0.01236,0.004449,-0.015338,-0.02195,-0.001158,0.008501,0.003887,-0.02752
L3_exclusions_20200521,2020-05-21,AAPL,Apple,relief,exclusions,0.001701,1.092,-0.063641,101,-0.008143,-0.011901,-0.01254,0.00397,-0.000436,-0.000668,0.002167,-0.001701,-0.021894,-0.013536,0.001041
L3_exclusions_20200521,2020-05-21,NVDA,NVIDIA,relief,exclusions,0.004922,1.3464,-0.060813,101,0.01176,0.047105,-0.016771,0.015508,-0.008658,-0.016167,0.020513,-0.004922,-0.055645,-0.046966,-0.00657
L3_exclusions_20200521,2020-05-21,AMD,AMD,relief,exclusions,0.00534,1.1913,-0.151136,101,0.025584,-0.015704,-0.03567,0.02327,-0.00859,-0.026936,0.001371,-0.00534,-0.055868,-0.031463,-0.02179
L3_exclusions_20200521,2020-05-21,005930.KS,Samsung,relief,exclusions,0.000454,0.2165,0.017871,101,-0.014278,-0.004429,0.01258,0.032554,-0.010023,0.000229,-0.024988,0.001597,0.005074,0.009533,0.010022
L3_exclusions_20200521,2020-05-21,GOOG,Google,relief,exclusions,0.000872,0.901,-0.025887,101,-0.006216,0.008171,-0.021425,0.00102,0.008323,0.003345,0.002439,-0.000872,-0.007265,-0.013652,0.000244
L4_exclusions_20200612,2020-06-12,TSM,TSMC,relief,exclusions,-0.000215,0.8788,0.032301,101,-0.005871,-0.003664,0.025784,0.021489,0.008399,0.006179,-0.006733,-0.020376,0.017716,-0.000842,-0.00978
L4_exclusions_20200612,2020-06-12,AAPL,Apple,relief,exclusions,0.002223,1.08,0.062326,101,-0.00205,-0.009315,0.037778,0.029243,0.013425,-0.007695,0.001168,0.0038,0.000274,-0.002466,-0.001836
L4_exclusions_20200612,2020-06-12,NVDA,NVIDIA,relief,exclusions,0.005566,1.3439,0.000405,101,-0.023282,-0.034641,0.032286,0.037032,0.012743,-0.007629,0.010271,-0.042523,0.017743,-0.008313,0.006718
L4_exclusions_20200612,2020-06-12,AMD,AMD,relief,exclusions,0.00333,1.1718,0.001807,101,-0.025115,-0.019889,0.070375,0.021517,-0.014514,-0.005953,0.008986,-0.029574,0.002542,-0.013375,0.006807
L4_exclusions_20200612,2020-06-12,005930.KS,Samsung,relief,exclusions,-0.000817,0.199,-0.018976,101,0.012085,-0.01239,0.013297,7.2e-05,-0.007311,-0.038614,-0.046726,0.041132,0.003453,0.002614,0.013413
L4_exclusions_20200612,2020-06-12,GOOG,Google,relief,exclusions,0.00134,0.9163,0.002338,101,-0.006797,-0.006659,0.012408,0.010183,0.010366,-0.006654,-0.004237,-0.002607,0.007781,-0.012332,0.000884
L3_exclusions_20200624,2020-06-24,TSM,TSMC,relief,exclusions,-0.000403,0.8845,0.032166,101,0.017925,-0.000656,-0.00956,0.007134,0.010165,0.0201,-0.00116,0.009384,-0.011521,-0.006488,-0.003158
L3_exclusions_20200624,2020-06-24,AAPL,Apple,relief,exclusions,0.001482,1.0689,0.020885,101,0.000975,-0.001719,-0.001158,0.017739,0.015259,0.008502,7.9e-05,-0.006312,0.005867,-0.009606,-0.008741
L3_exclusions_20200624,2020-06-24,NVDA,NVIDIA,relief,exclusions,0.004831,1.3213,0.001373,101,0.018397,-0.007565,0.007326,0.015255,-0.018579,0.006633,0.008245,-0.008121,-0.01932,0.007173,-0.008071
L3_exclusions_20200624,2020-06-24,AMD,AMD,relief,exclusions,0.002049,1.1428,-0.053172,101,0.003718,-0.012077,0.007923,0.000302,-0.021032,-0.002137,-0.023353,-0.009602,-0.015238,0.026682,-0.008358
L3_exclusions_20200624,2020-06-24,005930.KS,Samsung,relief,exclusions,-0.00071,0.2012,0.02573,101,0.003354,0.002506,0.013319,-0.017609,-0.011695,0.035094,-0.020398,0.032558,-0.012556,0.005244,-0.004088
L3_exclusions_20200624,2020-06-24,GOOG,Google,relief,exclusions,0.000792,0.9042,-0.007581,101,0.008285,-0.011777,0.001364,0.007402,0.003957,0.000434,-0.004165,-0.035382,0.011717,-0.001364,0.011949
L4_exclusions_20200710,2020-07-10,TSM,TSMC,relief,exclusions,0.000739,0.8772,0.093499,101,-0.000739,0.040942,-0.010156,0.023362,0.039202,-0.024276,0.026582,0.016547,-0.022146,0.010273,-0.006091
L4_exclusions_20200710,2020-07-10,AAPL,Apple,relief,exclusions,0.001689,1.0501,0.007093,101,-0.001689,0.008383,0.006568,0.013381,0.008537,-0.010931,0.003529,0.000781,-0.004349,-0.010417,-0.006701
L4_exclusions_20200710,2020-07-10,NVDA,NVIDIA,relief,exclusions,0.0051,1.2953,-0.033017,101,-0.0051,-0.002057,0.012216,0.019633,0.030891,-0.021488,-0.03372,0.00984,-0.031296,-0.009733,-0.002204
L4_exclusions_20200710,2020-07-10,AMD,AMD,relief,exclusions,0.001813,1.1295,0.000365,101,-0.001813,0.0005,0.001606,-0.001208,0.076244,-0.037735,-0.032218,0.00413,-0.000741,-0.005555,-0.002845
L4_exclusions_20200710,2020-07-10,005930.KS,Samsung,relief,exclusions,-0.001039,0.2037,0.034565,101,0.014272,0.023923,-0.025847,-0.008047,-0.001584,-0.002987,0.01623,0.005798,0.015917,-0.01472,0.011611
L4_exclusions_20200710,2020-07-10,GOOG,Google,relief,exclusions,0.000327,0.8911,0.004303,101,-0.000327,0.006685,0.00228,-1.7e-05,0.014722,0.010697,-0.011701,-0.00616,-0.012985,0.005589,-0.00448
L2_exclusions_20200716,2020-07-16,TSM,TSMC,relief,exclusions,0.000529,0.8662,0.051412,101,0.039349,-0.023951,0.026687,0.016904,-0.021837,0.010444,-0.00585,-0.000432,0.01177,0.005111,-0.006785
L2_exclusions_20200716,2020-07-16,AAPL,Apple,relief,exclusions,0.001482,1.0479,-0.063109,101,0.008732,-0.010701,0.003715,0.001017,-0.004122,-0.010218,-0.006488,0.010781,-0.017043,-0.004696,-0.034088
L2_exclusions_20200716,2020-07-16,NVDA,NVIDIA,relief,exclusions,0.005183,1.2822,-0.089249,101,0.030734,-0.021433,-0.033926,0.009934,-0.031259,-0.00986,-0.002249,0.014352,-0.024675,-0.001878,-0.018988
L2_exclusions_20200716,2020-07-16,AMD,AMD,relief,exclusions,0.002281,1.1209,0.069162,101,0.075728,-0.038113,-0.032767,0.003778,-0.001131,-0.006052,-0.003289,0.032264,-0.012168,0.075312,-0.0244
L2_exclusions_20200716,2020-07-16,005930.KS,Samsung,relief,exclusions,-0.000824,0.2118,0.025974,101,-0.001754,-0.003287,0.01609,0.005475,0.015629,-0.014907,0.011373,-0.004633,0.020764,-0.011243,-0.007535
L2_exclusions_20200716,2020-07-16,GOOG,Google,relief,exclusions,0.00032,0.8881,-0.007382,101,0.014713,0.010735,-0.011722,-0.006113,-0.01295,0.005586,-0.004464,0.025317,-0.006474,0.001037,-0.023047
L4_exclusions_20200723,2020-07-23,TSM,TSMC,relief,exclusions,0.000783,0.8547,0.194962,101,0.010151,-0.006071,-0.000589,0.011536,0.004923,-0.00718,0.101435,0.119419,-0.071287,0.063348,-0.030722
L4_exclusions_20200723,2020-07-23,AAPL,Apple,relief,exclusions,0.002222,1.0425,-0.04477,101,-0.010975,-0.007212,0.010088,-0.017773,-0.005404,-0.034894,0.001754,0.013769,-0.0119,0.00399,0.013788
L4_exclusions_20200723,2020-07-23,NVDA,NVIDIA,relief,exclusions,0.005622,1.2781,-0.030839,101,-0.010314,-0.002677,0.013946,-0.025108,-0.002294,-0.019477,0.008681,0.007193,-0.017115,0.002965,0.01336
L4_exclusions_20200723,2020-07-23,AMD,AMD,relief,exclusions,0.001717,1.1122,0.344951,101,-0.005519,-0.002701,0.032901,-0.01159,0.075926,-0.023944,0.170183,-0.016138,-0.014237,0.109885,0.030184
L4_exclusions_20200723,2020-07-23,005930.KS,Samsung,relief,exclusions,-0.000916,0.1917,0.086813,101,-0.014885,0.011522,-0.004372,0.020889,-0.011036,-0.007692,0.003951,0.025328,0.056113,0.00536,0.001635
L4_exclusions_20200723,2020-07-23,GOOG,Google,relief,exclusions,0.000674,0.8934,0.000139,101,0.005249,-0.004833,0.024919,-0.006837,0.000653,-0.023337,0.002342,0.004843,-0.014405,0.002672,0.008872
L4_exclusions_20200811,2020-08-11,TSM,TSMC,relief,exclusions,0.002466,0.8493,-0.044402,101,0.010173,0.010031,-0.021523,-0.009089,-0.006794,-0.019862,0.004251,-0.014457,-0.000915,0.017934,-0.014149
L4_exclusions_20200811,2020-08-11,AAPL,Apple,relief,exclusions,0.002836,1.0338,0.002188,101,0.000109,-0.005858,0.025409,-0.026226,0.008864,-0.024337,0.015929,0.016978,-0.003549,-0.008248,0.003116
L4_exclusions_20200811,2020-08-11,NVDA,NVIDIA,relief,exclusions,0.004724,1.2571,0.023919,101,0.01049,-0.007552,-0.008485,-0.017517,-0.011252,-0.022919,0.032082,-0.00191,0.006067,0.058715,-0.0138
L4_exclusions_20200811,2020-08-11,AMD,AMD,relief,exclusions,0.00159,1.0881,0.01157,101,0.089368,-0.005412,0.007827,-0.02373,-0.035334,-0.058095,0.057712,-0.008684,-0.008002,0.009237,-0.013318
L4_exclusions_20200811,2020-08-11,005930.KS,Samsung,relief,exclusions,-0.000164,0.1733,0.025143,101,0.008341,-0.007931,0.018383,-0.008566,0.004906,0.008466,0.011484,-0.004566,-0.011731,-0.000305,0.006662
L4_exclusions_20200811,2020-08-11,GOOG,Google,relief,exclusions,0.000785,0.8988,0.021952,101,-0.010461,-0.000666,0.011414,-0.005093,-0.002172,-0.004169,0.004401,0.008908,-0.00769,0.003578,0.023904
